index,City,Lat,Lng,Max Temp,Humidity,Cloudiness,Wind Speed,Country,Date
0,vaini,-21.2,-175.2,75.36,69,20,12.66,TO,1627954382
1,ahuimanu,21.4447,-157.8378,87.51,56,1,14.97,US,1627954518
3,anadyr,64.75,177.4833,50.5,81,90,17,RU,1627954386
5,arraial do cabo,-22.9661,-42.0278,67.48,82,2,17.81,BR,1627954383
6,aguadulce,8.25,-80.55,78.13,86,100,4.85,PA,1627954525
7,souillac,-20.5167,57.5167,59.38,88,20,8.05,MU,1627954431
8,birnin kebbi,12.4539,4.1975,78.76,76,100,6.31,NG,1627954528
9,bathsheba,13.2167,-59.5167,81.21,78,20,10.36,BB,1627954370
10,roald,62.5833,6.1333,53.01,81,75,8.05,NO,1627954377
11,new norfolk,-42.7826,147.0587,52.75,73,97,1.99,AU,1627954376
12,mataura,-46.1927,168.8643,49.48,76,20,4.41,NZ,1627954358
13,busselton,-33.65,115.3333,50.04,78,100,6.6,AU,1627954356
14,punta arenas,-53.15,-70.9167,37.51,81,0,27.63,CL,1627954117
15,atuona,-9.8,-139.0333,77.45,74,5,18.14,PF,1627954182
16,fortuna,40.5982,-124.1573,62.85,85,75,5.01,US,1627954314
17,mar del plata,-38.0023,-57.5575,51.13,46,0,5.01,AR,1627954381
19,barrow,71.2906,-156.7887,44.62,87,90,16.11,US,1627954172
20,praia da vitoria,38.7333,-27.0667,73.76,100,90,3.69,PT,1627954434
21,tuktoyaktuk,69.4541,-133.0374,48.2,87,90,16.11,CA,1627954379
23,atambua,-9.1061,124.8925,84.72,43,40,1.81,ID,1627954378
24,saint-philippe,-21.3585,55.7679,67.59,67,0,2.28,RE,1627954353
25,port elizabeth,-33.918,25.5701,53.89,87,0,10.36,ZA,1627954388
26,oranjemund,-28.55,16.4333,57.24,67,0,4.16,NA,1627954551
27,aksha,50.2814,113.2867,75.31,48,20,3.83,RU,1627954553
28,florianopolis,-27.6146,-48.5012,58.23,63,40,1.01,BR,1627954457
29,vao,-22.6667,167.4833,66.85,67,0,6.2,NC,1627954469
30,algiers,36.7525,3.042,75.02,78,75,5.75,DZ,1627954382
33,mnogovershinnyy,53.9353,139.9242,50.95,93,100,5.82,RU,1627954561
34,grindavik,63.8424,-22.4338,51.91,100,75,4.61,IS,1627954357
35,hobart,-42.8794,147.3294,52.11,76,75,4,AU,1627954222
36,hambantota,6.1241,81.1185,79.14,94,20,4.61,LK,1627954441
37,bonito,-21.1211,-56.4819,62.02,54,0,4.79,BR,1627954566
38,ushuaia,-54.8,-68.3,37.06,87,75,28.77,AR,1627954352
39,nikolskoye,59.7035,30.7861,60.03,96,100,13.53,RU,1627954397
40,cochrane,51.1834,-114.4687,72.21,61,75,9.22,CA,1627954570
41,albany,42.6001,-73.9662,64.98,79,0,6.71,US,1627954016
42,georgetown,5.4112,100.3354,84.13,82,20,1.01,MY,1627954223
43,hulja,59.3522,26.2179,52.77,97,64,8.41,EE,1627954574
44,dikson,73.5069,80.5464,50.88,81,100,8.03,RU,1627954383
45,khatanga,71.9667,102.5,74.32,45,100,15.43,RU,1627954360
47,kapaa,22.0752,-159.319,87.78,74,75,5.01,US,1627954372
48,mahebourg,-20.4081,57.7,59.29,88,20,8.05,MU,1627954409
49,lagoa,39.05,-27.9833,71.4,93,62,5.86,PT,1627954444
50,bluff,-46.6,168.3333,49.8,58,19,7.18,NZ,1627954380
51,marzuq,14.4,46.4667,80.01,60,55,1.07,YE,1627954585
52,bayji,34.9311,43.487,90.73,28,11,12.39,IQ,1627954586
53,gympie,-26.1898,152.665,75.31,33,10,8.34,AU,1627954458
54,jamestown,42.097,-79.2353,62.24,67,1,2.19,US,1627954316
55,cape town,-33.9258,18.4232,56.12,95,0,3.44,ZA,1627954260
56,palmer,42.1584,-72.3287,67.55,74,20,3.44,US,1627954460
57,saint george,37.1041,-113.5841,102.79,16,1,1.01,US,1627954396
58,ketchikan,55.3422,-131.6461,64.87,59,40,10.36,US,1627954205
59,japura,-0.3167,102.35,83.82,69,60,2.53,ID,1627954596
60,tiksi,71.6872,128.8694,50.05,59,64,7.94,RU,1627954386
61,hami,42.8,93.45,83.1,18,2,7.67,CN,1627954495
62,jiuquan,39.7432,98.5174,74.53,18,8,6.46,CN,1627954600
63,fairbanks,64.8378,-147.7164,87.76,39,1,6.91,US,1627954258
64,san quintin,30.4833,-115.95,73.4,68,4,13.38,MX,1627954539
65,praia,14.9215,-23.5087,77.09,80,70,6.62,CV,1627954604
66,gravdal,68.1214,13.5031,49.26,76,95,8.52,NO,1627954606
67,sorland,67.667,12.6934,50.76,76,100,11.48,NO,1627954527
68,port alfred,-33.5906,26.891,54.86,86,0,13.51,ZA,1627954426
69,ribeira grande,38.5167,-28.7,72.82,92,25,7.36,PT,1627954349
70,ambilobe,-13.2,49.05,64.51,91,0,2.91,MG,1627954372
71,sturgeon falls,46.3646,-79.9326,66.16,76,51,10.36,CA,1627954612
72,hasaki,35.7333,140.8333,90.28,77,64,12.5,JP,1627954614
73,tuntum,-5.2581,-44.6489,71.42,43,10,1.92,BR,1627954615
74,namibe,-15.1961,12.1522,66.69,85,41,8.43,AO,1627954407
75,aripuana,-9.1667,-60.6333,74.82,44,10,3.38,BR,1627954618
76,severo-kurilsk,50.6789,156.125,54.3,74,100,15.57,RU,1627954406
77,cap malheureux,-19.9842,57.6142,59.49,65,0,6.85,MU,1627954495
78,tasiilaq,65.6145,-37.6368,44.76,81,100,1.92,GL,1627954393
79,bengkulu,-3.8004,102.2655,80.69,72,77,2.48,ID,1627954466
80,pevek,69.7008,170.3133,35.19,84,100,17.85,RU,1627954398
81,college,64.8569,-147.8028,85.66,42,1,6.91,US,1627954492
82,guerrero negro,27.9769,-114.0611,75.76,71,78,12.71,MX,1627954451
83,baykit,61.67,96.37,67.39,69,97,8.99,RU,1627954629
84,kabelvag,68.2114,14.4817,48.52,81,98,7.34,NO,1627954630
85,domoni,-12.2569,44.5319,73.35,81,0,9.86,KM,1627954632
86,narsaq,60.9167,-46.05,48.42,96,100,3.67,GL,1627954379
87,nyurba,63.2842,118.3319,77.94,39,0,9.01,RU,1627954635
88,rikitea,-23.1203,-134.9692,69.6,57,44,21,PF,1627954356
89,avarua,-21.2078,-159.775,78.85,78,75,10.36,CK,1627954398
90,vardo,70.3705,31.1107,48.52,81,100,4,NO,1627954518
91,zhanakorgan,43.9098,67.2495,89.02,22,53,12.48,KZ,1627954640
92,butaritari,3.0707,172.7902,82.11,72,40,2.93,KI,1627954422
93,hithadhoo,-0.6,73.0833,81.97,72,99,7.83,MV,1627954361
94,qaanaaq,77.484,-69.3632,43.48,70,78,2.66,GL,1627954350
95,porosozero,62.7191,32.727,56.84,97,100,11.68,RU,1627954645
96,abu kamal,34.4506,40.9171,91.38,22,97,12.33,SY,1627954354
97,luanda,-8.8368,13.2343,69.6,88,1,4.88,AO,1627954331
98,acapulco,16.8634,-99.8901,85.82,79,40,9.22,MX,1627954649
99,yellowknife,62.456,-114.3525,89.29,27,75,8.05,CA,1627954270
100,wamba,8.9333,8.6,70.23,95,100,2.06,NG,1627954652
101,amahai,-3.3333,128.9167,82.26,77,38,7.05,ID,1627954524
102,klaksvik,62.2266,-6.589,49.12,88,100,12.44,FO,1627954367
104,sobolevo,54.4299,31.8996,53.91,98,22,6.73,RU,1627954440
105,razdolnoye,43.55,131.9167,75.61,80,100,4.18,RU,1627954659
106,ostrovnoy,68.0531,39.5131,50.58,98,89,6.71,RU,1627954409
107,husavik,66.0449,-17.3389,48.11,89,95,1.66,IS,1627954662
108,lorengau,-2.0226,147.2712,84.9,71,48,9.17,PG,1627954399
111,okha,53.5739,142.9478,56.39,82,100,12.93,RU,1627954667
112,lengshuitan,26.4111,111.5956,91.71,56,61,7.58,CN,1627954669
113,torbay,47.6666,-52.7314,61.68,83,90,4.61,CA,1627954365
114,la seyne-sur-mer,43.0982,5.8847,73.35,70,72,1.01,FR,1627954672
115,hermanus,-34.4187,19.2345,55.9,79,0,9.01,ZA,1627954362
116,castro,-24.7911,-50.0119,48.29,83,0,1.7,BR,1627954365
117,puerto ayora,-0.7393,-90.3518,70.61,92,40,8.21,EC,1627954353
118,kirakira,-10.4544,161.9205,81.1,68,100,10.4,SB,1627954677
119,ovalle,-30.5983,-71.2003,57.25,75,0,1.9,CL,1627954678
120,san patricio,28.017,-97.5169,87.66,70,90,8.39,US,1627954309
121,kaitangata,-46.2817,169.8464,52.93,53,36,10.67,NZ,1627954335
122,imbituba,-28.24,-48.6703,60.69,91,63,9.24,BR,1627954683
123,antofagasta,-23.65,-70.4,56.48,74,4,1.57,CL,1627954338
124,ballarpur,19.8333,79.35,77.31,81,100,9.64,IN,1627954685
125,rzhev,56.2624,34.3282,59.38,81,96,11.23,RU,1627954687
126,savannah bight,16.45,-85.85,82,81,11,20.69,HN,1627954688
127,kenai,60.5544,-151.2583,64.49,84,90,12.66,US,1627954690
128,luderitz,-26.6481,15.1594,66.07,35,0,4.47,NA,1627954296
129,inhambane,-23.865,35.3833,66.6,74,12,11.54,MZ,1627954391
130,labrea,-7.2586,-64.7981,74.66,46,35,2.95,BR,1627954694
131,thompson,55.7435,-97.8558,75.36,43,20,3.44,CA,1627954334
132,ponta do sol,32.6667,-17.1,73,72,22,6.08,PT,1627954370
133,saskylakh,71.9167,114.0833,71.24,41,22,10.6,RU,1627954386
134,abu dhabi,24.4667,54.3667,89.62,58,0,2.3,AE,1627954493
135,kamina,-8.7386,24.9906,57.97,47,13,3.44,CD,1627954701
136,mehamn,71.0357,27.8492,47.93,81,81,4.94,NO,1627954239
137,norman wells,65.282,-126.8329,87.84,29,1,8.05,CA,1627954383
138,egvekinot,66.3167,-179.1667,36.61,89,100,12.19,RU,1627954475
139,meulaboh,4.1363,96.1285,80.15,71,45,4.94,ID,1627954480
140,hilo,19.7297,-155.09,78.53,81,90,10.36,US,1627954125
141,cherskiy,68.75,161.3,47.66,53,100,20.15,RU,1627954396
142,hobyo,5.3505,48.5268,77.5,73,66,19.75,SO,1627954504
143,codrington,-38.2667,141.9667,51.96,78,66,21.68,AU,1627954494
144,cap-aux-meules,47.3821,-61.8597,59.05,88,90,10.36,CA,1627954413
145,burns lake,54.2331,-125.7533,81.82,30,53,5.84,CA,1627954714
146,tura,25.5198,90.2201,77.45,94,100,3.83,IN,1627954406
147,methoni,36.8197,21.7049,84.22,56,0,14.27,GR,1627954717
148,pangkalanbuun,-2.6833,111.6167,84.47,69,100,3.96,ID,1627954718
149,faanui,-16.4833,-151.75,78.84,77,20,12.84,PF,1627954361
150,kavieng,-2.5744,150.7967,83.62,75,29,9.42,PG,1627954413
151,xian,34.2583,108.9286,85.01,54,60,2.42,CN,1627954432
152,gashua,12.871,11.0482,78.57,76,91,11.77,NG,1627954724
153,carnarvon,-24.8667,113.6333,55.47,37,0,16.11,AU,1627954368
154,kenora,49.8167,-94.4337,74.37,53,40,5.75,CA,1627954726
155,los llanos de aridane,28.6585,-17.9182,69.55,92,75,12.66,ES,1627954349
156,mountain home,43.133,-115.6912,90.88,22,20,10.36,US,1627954729
157,kamaishi,39.2667,141.8833,85.15,77,100,13.58,JP,1627954731
158,ballina,-28.8667,153.5667,69.76,83,40,9.22,AU,1627954732
159,yulara,-25.2406,130.9889,51.64,58,0,14.97,AU,1627954355
160,victoria,22.2855,114.1577,85.96,89,100,1.99,HK,1627954370
161,henderson,36.0397,-114.9819,108.84,13,1,0,US,1627954584
162,lichinga,-13.3128,35.2406,51.37,50,1,7,MZ,1627954738
163,baglung,28.2719,83.5898,74.64,91,48,2.21,NP,1627954739
164,longyearbyen,78.2186,15.6401,44.44,70,75,26.46,SJ,1627954369
165,beitbridge,-22.2167,30,59.99,80,0,18.63,ZW,1627954742
166,biak,-0.9131,122.8766,82.6,66,37,7.74,ID,1627954743
167,opuwo,-18.0607,13.84,56.59,47,0,3.04,NA,1627954378
168,chara,56.9064,118.2631,61.47,60,80,2.26,RU,1627954746
169,airai,-8.9266,125.4092,75.2,31,22,4.99,TL,1627954459
170,cidreira,-30.1811,-50.2056,51.4,88,0,4.76,BR,1627954365
171,naberera,-4.2,36.9333,53.38,97,97,3.49,TZ,1627954750
172,auki,-8.7676,160.7034,83.03,68,94,5.3,SB,1627954752
173,asyut,27.181,31.1837,82.58,19,1,3.2,EG,1627954514
174,lokosovo,61.1333,74.8167,55.31,97,100,3.76,RU,1627954755
175,magole,-6.3667,37.3667,63.77,91,66,1.59,TZ,1627954756
176,berdigestyakh,62.0989,126.6992,67.96,71,100,8.01,RU,1627954758
177,komsomolskiy,40.4272,71.7189,72.82,53,39,4.61,UZ,1627954448
178,north ogden,41.3072,-111.9602,82.08,51,1,1.01,US,1627954570
180,iwanai,42.9744,140.5089,85.86,63,91,7.67,JP,1627954447
181,tambura,5.6,27.4667,66.7,96,93,1.92,SS,1627954765
182,kabo,7.6994,18.629,69.91,97,100,6.78,CF,1627954766
183,lisakovsk,52.5369,62.4936,72.28,54,81,2.77,KZ,1627954768
184,jalu,29.0331,21.5482,85.23,26,0,7.18,LY,1627954393
185,sao felix do xingu,-6.6447,-51.995,72.93,47,5,1.54,BR,1627954514
186,matagami,49.7502,-77.6328,66.31,68,90,10.36,CA,1627954772
187,maceio,-9.6658,-35.7353,72.84,94,75,2.3,BR,1627954761
188,nishihara,26.1842,127.7558,87.46,79,40,20.71,JP,1627954775
189,nanortalik,60.1432,-45.2371,44.17,96,100,2.57,GL,1627954404
190,binga,-17.6203,27.3414,59.34,58,0,2.84,ZW,1627954777
191,tamano,34.4833,133.95,91.89,75,35,5.88,JP,1627954779
192,east london,-33.0153,27.9116,57.97,80,1,16.73,ZA,1627954364
193,barcelona,41.3888,2.159,74.53,85,20,2.3,ES,1627954778
194,naranjal,-2.6667,-79.6167,75,83,63,2.08,EC,1627954783
195,annau,37.8876,58.516,81.9,18,20,11.5,TM,1627954784
196,trairi,-3.2778,-39.2689,76.42,80,7,7.67,BR,1627954568
197,laguna,38.421,-121.4238,98.76,14,1,3,US,1627954156
199,ancud,-41.8697,-73.8203,49.53,94,100,4.41,CL,1627954390
200,chokurdakh,70.6333,147.9167,55.26,35,16,8.88,RU,1627954432
201,itarema,-2.9248,-39.9167,75.18,80,14,4.27,BR,1627954792
202,bainbridge,47.6262,-122.5212,90.3,49,1,3,US,1627954794
203,rundu,-17.9333,19.7667,51.84,44,0,4.12,NA,1627954795
204,marsh harbour,26.5412,-77.0636,82.65,69,100,10.8,BS,1627954797
205,inongo,-1.95,18.2667,69.08,59,98,3.47,CD,1627954798
206,port hedland,-20.3167,118.5667,68.05,17,38,20.71,AU,1627954353
207,camacha,33.0833,-16.3333,69.53,83,40,14.97,PT,1627954407
208,paralimni,35.0375,33.9833,87.12,38,0,4,CY,1627954805
209,mazsalaca,57.8633,25.0547,55.99,97,4,6.2,LV,1627954806
210,malindi,-3.2175,40.1191,73.53,82,69,10.13,KE,1627954808
211,voh,-20.9667,164.7,77.14,42,0,5.99,NC,1627954809
212,pangnirtung,66.1451,-65.7125,44.42,91,100,3.94,CA,1627954390
214,beringovskiy,63.05,179.3167,44.19,94,100,8.66,RU,1627954426
215,linxia,35.6003,103.2064,58.68,91,100,3.15,CN,1627954816
216,yamada,39.4667,141.95,85.28,71,99,12.44,JP,1627954817
217,muscat,23.6139,58.5922,89.62,70,41,2.73,OM,1627954819
218,rawson,-43.3002,-65.1023,55.76,37,67,9.55,AR,1627954820
219,broken hill,-31.95,141.4333,49.71,71,6,20.71,AU,1627954822
220,petropavlovsk-kamchatskiy,53.0452,158.6483,59.59,63,75,6.71,RU,1627954769
221,te anau,-45.4167,167.7167,45.45,77,55,2.19,NZ,1627954429
222,griffith,41.5284,-87.4237,73.33,63,90,3.44,US,1627954328
223,pisco,-13.7,-76.2167,62.65,82,90,11.5,PE,1627954389
224,talnakh,69.4865,88.3972,76.35,43,98,5.7,RU,1627954410
225,sioux lookout,50.1001,-91.917,73.78,56,75,3.44,CA,1627954366
227,alvinopolis,-20.1067,-43.0489,55.02,76,7,1.99,BR,1627954833
228,teahupoo,-17.8333,-149.2667,76.96,72,62,12.21,PF,1627954834
230,srednekolymsk,67.45,153.6833,54.3,42,14,12.82,RU,1627954518
231,hofn,64.2539,-15.2082,52.95,85,100,7.25,IS,1627954452
232,kozluk,38.1938,41.4885,73.65,48,0,9.89,TR,1627954840
233,blackwater,-23.5833,148.8833,77.31,28,8,8.39,AU,1627954841
235,parabel,58.6978,81.4825,56.91,88,100,3.87,RU,1627954844
236,nelson bay,-32.7167,152.15,69.96,72,21,17.45,AU,1627954845
237,warmbad,-28.45,18.7333,59.47,24,0,12.75,NA,1627954847
238,ulaangom,49.9811,92.0667,70.59,35,3,3.27,MN,1627954848
239,waingapu,-9.6567,120.2641,84.74,62,68,13.82,ID,1627954446
240,sile,41.1754,29.6133,74.07,43,0,4.43,TR,1627954851
241,luka nad jihlavou,49.374,15.7019,55.87,94,8,3.15,CZ,1627954853
242,ucluelet,48.9329,-125.5528,92.05,75,0,1.99,CA,1627954294
243,hinche,19.15,-72.0167,76.42,92,89,4.61,HT,1627954856
244,upernavik,72.7868,-56.1549,47.14,68,95,6.2,GL,1627954434
245,mount gambier,-37.8333,140.7667,51.71,71,75,19.57,AU,1627954605
246,carutapera,-1.195,-46.02,74.03,91,7,3.42,BR,1627954860
247,nuuk,64.1835,-51.7216,49.87,87,90,2.3,GL,1627954861
248,dawson creek,55.7666,-120.2362,78.15,83,1,6.91,CA,1627954863
249,pekan,3.4836,103.3996,78.91,78,100,5.21,MY,1627954408
250,touros,-5.1989,-35.4608,72.5,86,16,15.17,BR,1627954866
251,olinda,-8.0089,-34.8553,71.33,94,75,5.75,BR,1627954867
252,la orilla,17.9833,-102.2333,81.37,81,35,5.79,MX,1627954869
253,tobe,33.7447,132.7901,89.65,65,75,5.75,JP,1627954870
255,sovetskiy,61.3614,63.5842,62.15,73,46,4.83,RU,1627954527
256,alenquer,-1.9417,-54.7383,75.54,66,89,3.76,BR,1627954412
257,sayyan,15.1718,44.3244,62.26,64,98,5.88,YE,1627954876
258,manadhoo,5.7667,73.3833,82.13,72,100,6.51,MV,1627954877
259,abha,18.2164,42.5053,64.22,82,0,3.44,SA,1627954879
260,hamilton,39.1834,-84.5333,72.23,70,1,3.44,US,1627954438
261,kutum,14.2,24.6667,72.45,69,39,13.87,SD,1627954882
262,esperance,-33.8667,121.9,51.64,74,72,15.86,AU,1627954373
263,leningradskiy,69.3833,178.4167,33.1,100,100,9.4,RU,1627954401
264,svetlaya,46.5389,138.3297,64.6,91,100,12.15,RU,1627954886
265,luwuk,-0.9516,122.7875,85.39,63,31,6.96,ID,1627954887
266,oktyabrskiy,54.4815,53.471,69.66,51,37,5.01,RU,1627954889
267,zlobin,45.2924,14.6541,63.7,79,0,5.75,HR,1627954890
268,pemangkat,1.1667,108.9667,82.98,74,84,7.07,ID,1627954892
269,la primavera,5.4906,-70.4092,72.95,85,100,6.64,CO,1627954893
270,alofi,-19.0595,-169.9187,71.49,26,75,5.75,NU,1627954432
271,healdsburg,38.6105,-122.8692,91.53,43,40,4,US,1627954896
272,kasongo-lunda,-6.4667,16.8167,66.79,32,47,1.57,CD,1627954898
273,mandera,3.9366,41.867,74.84,58,99,14.7,KE,1627954453
274,santiago del estero,-27.7951,-64.2615,58.62,34,0,6.98,AR,1627954299
275,yabrud,33.9674,36.6574,66.52,37,0,1.61,SY,1627954902
276,jinchang,38.4953,102.1739,72.07,41,99,5.88,CN,1627954903
277,mongomo,1.6274,11.3135,66.9,99,100,2.82,GQ,1627954905
278,port lincoln,-34.7333,135.8667,55.49,54,68,17.85,AU,1627954478
280,orsha,54.5153,30.4053,55.02,98,43,9.8,BY,1627954909
282,ulaanbaatar,47.9077,106.8832,60.93,77,40,2.24,MN,1627954857
283,vanimo,-2.6741,141.3028,85.96,69,50,8.75,PG,1627954410
284,riyadh,24.6877,46.7219,86.14,12,28,5.23,SA,1627954507
285,ostersund,63.1792,14.6357,46.85,76,90,10.36,SE,1627954244
286,dingle,10.9995,122.6711,86.81,67,100,16.04,PH,1627954375
287,sitka,57.0531,-135.33,62.49,72,75,0,US,1627954405
288,coahuayana,18.7333,-103.6833,87.28,85,85,2.37,MX,1627954402
289,ilulissat,69.2167,-51.1,44.62,87,100,2.3,GL,1627954396
291,north bend,43.4065,-124.2243,62.92,88,90,11.5,US,1627954923
292,korla,41.7597,86.1469,82.74,15,99,7.81,CN,1627954925
293,verkhoyansk,67.5447,133.385,73.81,27,0,4.99,RU,1627954926
294,isangel,-19.55,169.2667,75.31,64,20,11.5,VU,1627954374
295,filadelfia,39.9523,-75.1638,73.65,69,20,5.75,US,1627954752
296,sokoni,-6.4333,39.55,70.09,79,74,12.97,TZ,1627954931
297,giresun,40.5,38.5,45.72,94,98,5.12,TR,1627954932
298,katsuura,35.1333,140.3,87.91,75,46,10.69,JP,1627954311
299,akyab,20.15,92.9,79.29,88,100,8.55,MM,1627954359
300,vizinga,61.0749,50.1031,61.68,82,100,4.25,RU,1627954936
301,provideniya,64.3833,-173.3,53.71,82,90,13.42,RU,1627954333
303,sandur,15.1,76.55,71.58,84,100,19.55,IN,1627954940
304,dongsheng,39.8161,109.9776,65.82,66,100,14.14,CN,1627954513
305,yerbogachen,61.2767,108.0108,71.42,54,100,3.36,RU,1627954943
306,mbumi,-7.9058,39.2105,66.92,93,38,1.43,TZ,1627954945
307,araouane,18.9048,-3.5265,94.53,34,25,8.05,ML,1627954460
308,keti bandar,24.1447,67.4497,81.63,80,100,19.22,PK,1627954947
309,wanning,18.8003,110.3967,87.87,67,99,7.43,CN,1627954949
310,zahirabad,17.6833,77.6167,73.78,76,97,13.58,IN,1627954950
311,mindelo,16.8901,-24.9804,76.55,78,40,11.5,CV,1627954952
313,zlitan,32.4674,14.5687,81.55,58,0,5.5,LY,1627954955
314,kruisfontein,-34.0033,24.7314,48.29,90,0,7.05,ZA,1627954291
315,bredasdorp,-34.5322,20.0403,52.29,93,8,3.44,ZA,1627954403
316,darhan,49.4867,105.9228,61.21,83,100,12.03,MN,1627954959
317,coihaique,-45.5752,-72.0662,36.57,97,23,7.29,CL,1627954359
318,porto belo,-27.1578,-48.5531,60.78,88,8,6.4,BR,1627954962
319,harper,4.375,-7.7169,75.36,78,22,5.17,LR,1627954963
321,balaguer,41.7912,0.8109,68.16,88,10,5.91,ES,1627954966
322,kijang,35.2442,129.2139,83.93,64,100,8.32,KR,1627954967
323,prainha,-1.8,-53.48,76.6,71,90,2.44,BR,1627954969
324,ayagoz,47.9714,80.4392,81.52,27,3,6.85,KZ,1627954970
325,oussouye,12.485,-16.5469,77.05,88,99,9.89,SN,1627954972
326,manavalakurichi,8.1333,77.3,78.89,79,100,13.91,IN,1627954973
327,tautira,-17.7333,-149.15,82.42,71,85,11.36,PF,1627954530
328,adrar,20.5022,-10.0711,90.59,37,35,14.56,MR,1627954433
329,tiznit,29.5833,-9.5,64.89,78,7,1.25,MA,1627954978
330,halifax,44.6453,-63.5724,59.05,91,89,1.01,CA,1627954869
332,okhotsk,59.3833,143.3,59.22,61,100,10.87,RU,1627954458
333,ishigaki,24.3448,124.1572,86.13,79,75,9.22,JP,1627954983
334,port moresby,-9.4431,147.1797,83.62,65,40,5.75,PG,1627954935
335,galion,40.7337,-82.7899,69.01,75,0,5.93,US,1627954986
336,lata,40.1629,-8.3327,60.04,93,92,0.36,PT,1627954436
338,chapais,49.7834,-74.8492,62.38,76,100,7.36,CA,1627954459
339,cayenne,4.9333,-52.3333,78.1,87,63,1.14,GF,1627954246
340,cabo san lucas,22.8909,-109.9124,95.5,60,20,10,MX,1627954244
341,saldanha,-33.0117,17.9442,48.25,66,0,4.03,ZA,1627954994
342,sur,22.5667,59.5289,86.83,58,72,8.25,OM,1627954995
343,makakilo city,21.3469,-158.0858,86.32,46,20,10.36,US,1627954997
344,dali,25.7,100.1833,71.73,69,0,1.43,CN,1627954535
345,cape coast,5.1053,-1.2466,75.33,89,91,6.49,GH,1627955000
347,shenjiamen,29.9576,122.298,78.98,92,100,9.51,CN,1627955002
348,brawley,32.9787,-115.5303,115.48,9,75,4.61,US,1627955004
349,oranjestad,12.524,-70.027,82.35,78,20,20.71,AW,1627954835
350,wilmington,34.2257,-77.9447,81.91,89,1,3.44,US,1627954742
351,eureka,40.8021,-124.1637,61.12,75,43,3,US,1627955008
352,geraldton,-28.7667,114.6,55.13,76,0,13.8,AU,1627954286
353,sept-iles,50.2001,-66.3821,60.26,82,40,1.99,CA,1627954462
354,nara,34.6851,135.8049,81.77,94,100,2.98,JP,1627954814
357,quballat,36.5418,9.6633,73.62,58,4,3.89,TN,1627955017
358,whitehorse,60.7161,-135.0538,78.03,88,90,14.97,CA,1627955019
359,san carlos de bariloche,-41.1456,-71.3082,44.35,87,75,6.91,AR,1627955020
360,homer,59.6425,-151.5483,65.77,83,40,13.8,US,1627954793
361,baracoa,20.3467,-74.4958,81.21,80,100,10.51,CU,1627955023
362,saint-leu,-21.15,55.2833,65.26,65,0,1.88,RE,1627955024
363,manggar,-2.8833,108.2667,85.05,67,89,14.14,ID,1627955026
366,cobija,-11.0267,-68.7692,67.66,43,0,3.27,BO,1627955030
367,samarai,-10.6167,150.6667,80.24,75,73,14.18,PG,1627955032
368,chippewa falls,44.9369,-91.3929,73.58,68,1,0,US,1627954504
370,pafos,34.7667,32.4167,80.38,26,0,8.05,CY,1627955036
371,richards bay,-28.783,32.0377,63.09,83,100,5.55,ZA,1627955037
372,massape,-3.5228,-40.3428,72.63,76,8,2.57,BR,1627955039
373,caravelas,-17.7125,-39.2481,66.09,81,50,2.26,BR,1627954465
374,svetlogorsk,52.6333,29.7333,55.4,98,37,6.8,BY,1627955042
375,havre-saint-pierre,50.2334,-63.5986,55.76,94,90,3.44,CA,1627954460
376,vangaindrano,-23.35,47.6,63.91,87,8,6.08,MG,1627955045
377,waipawa,-41.4122,175.5153,47.03,94,100,21.39,NZ,1627955046
378,vanavara,60.34,102.2797,60.85,86,100,0.81,RU,1627955048
379,russell,32.3502,-85.1999,73.11,87,40,2.3,US,1627955049
380,mogadishu,2.0371,45.3438,75.79,85,100,17.16,SO,1627955051
381,luangwa,-15.6167,30.4167,57.9,62,0,3.11,ZM,1627955052
382,bac lieu,9.285,105.7244,85.32,67,100,16.78,VN,1627955054
383,calamar,10.2511,-74.9146,80.55,83,100,5.84,CO,1627955055
384,porto walter,-8.2686,-72.7439,69.87,50,0,1.95,BR,1627955057
385,eresos,39.1667,25.9333,81.45,57,0,3.56,GR,1627955058
386,volosovo,59.4333,29.4833,58.66,99,82,8.05,RU,1627955060
387,aklavik,68.2191,-135.0107,56.23,79,100,13.06,CA,1627955061
388,ternate,0.8,127.4,83.77,72,12,7.43,ID,1627954470
390,yar-sale,66.8333,70.8333,60.31,80,100,2.98,RU,1627955065
391,linkoping,58.4109,15.6216,52.99,89,75,3.44,SE,1627955067
392,sao joao da barra,-21.6403,-41.0511,68.18,79,0,10.33,BR,1627954831
393,tuatapere,-46.1333,167.6833,49.82,69,45,5.64,NZ,1627955069
394,karratha,-20.7377,116.8463,67.78,22,13,23.35,AU,1627955071
395,khorinsk,52.1657,109.7726,62.67,91,100,2.42,RU,1627955072
396,benghazi,32.1167,20.0667,82.96,64,0,13.51,LY,1627955074
397,ivdel,60.6911,60.4206,61.34,84,0,2.04,RU,1627955076
398,barranca,-10.75,-77.7667,62.98,85,24,9.91,PE,1627955077
399,vysotsk,60.6288,28.5705,59.85,91,100,11.92,RU,1627955079
400,aguimes,27.9054,-15.4461,70.43,68,20,20.71,ES,1627955080
401,yara,20.2753,-76.9533,75.92,89,100,5.39,CU,1627955082
402,prince rupert,54.3161,-130.3201,64.09,71,40,4.61,CA,1627954892
403,reshetylivka,49.565,34.0782,65.23,90,64,6.78,UA,1627955084
404,santa fe,-31.6333,-60.7,54.01,68,0,6.46,AR,1627955086
405,nikolayevsk-na-amure,53.1406,140.73,53.92,95,100,5.88,RU,1627955087
407,tigil,57.8,158.6667,53.33,62,72,16.87,RU,1627954217
408,la rioja,42.25,-2.5,56.05,76,14,4.54,ES,1627955091
409,ukiah,39.1502,-123.2078,94.51,13,1,4.61,US,1627955093
411,walvis bay,-22.9575,14.5053,58.15,88,0,9.22,NA,1627955051
412,pushkino,56.0172,37.8667,66.99,88,7,4,RU,1627955097
413,kaduqli,11.0167,29.7167,70.03,94,94,4.52,SD,1627955099
414,indramayu,-6.3264,108.32,83.64,63,36,7.78,ID,1627955100
415,pochutla,15.7432,-96.4661,83.25,86,100,4.14,MX,1627955102
417,muli,2.9167,73.5667,81.99,69,90,2.55,MV,1627955104
418,manaus,-3.1019,-60.025,79.29,83,0,3.44,BR,1627954873
419,lebu,-37.6167,-73.65,51.39,86,29,16.75,CL,1627955107
420,bonthe,7.5264,-12.505,75.69,77,24,4.83,SL,1627955109
421,methven,-43.6333,171.65,47.01,63,99,1.01,NZ,1627955110
422,price,39.5994,-110.8107,79.86,31,20,10.36,US,1627955112
423,aljustrel,37.8776,-8.1652,64.27,75,56,5.41,PT,1627955113
424,paciran,-6.8767,112.3761,83.19,69,7,4.54,ID,1627955115
425,bambous virieux,-20.3428,57.7575,59.25,88,20,8.05,MU,1627955116
426,paso de carrasco,-34.8603,-56.0522,35.74,100,0,0,UY,1627955006
427,rossosh,51.1209,38.5116,66.81,87,98,4.52,RU,1627955119
428,sinnamary,5.3833,-52.95,78.17,80,89,5.79,GF,1627955121
429,klyuchi,52.2667,79.1667,75.36,45,38,9.93,RU,1627955122
430,awjilah,29.1081,21.2869,85.75,25,0,7.27,LY,1627955124
431,gunjur,13.2019,-16.7339,75.27,94,75,13.8,GM,1627955125
432,batagay-alyta,67.8006,130.4114,71.38,26,0,6.17,RU,1627955127
433,augusto correa,-1.0217,-46.635,73.31,89,21,1.01,BR,1627955128
434,teknaf,20.8624,92.3058,79.81,88,95,4.85,BD,1627955130
435,paamiut,61.994,-49.6678,43.61,96,100,5.66,GL,1627955131
437,umm lajj,25.0213,37.2685,89.37,40,4,4.03,SA,1627955134
438,daultala,33.1925,73.1413,82.62,69,40,8.55,PK,1627955135
439,omsukchan,62.5333,155.8,36.82,94,100,7.56,RU,1627955137
441,mufumbwe,-13.6833,24.8,50.59,54,0,4.97,ZM,1627955140
442,pahrump,36.2083,-115.9839,102.83,14,1,3,US,1627954902
443,bethel,41.3712,-73.414,71.49,80,75,3.44,US,1627955143
444,arcachon,44.5875,-1.0519,57.52,94,0,2.3,FR,1627955144
445,antalaha,-14.9003,50.2788,63.95,87,0,5.26,MG,1627955146
446,ambatofinandrahana,-20.55,46.8,48.7,77,0,3.13,MG,1627955147
447,ekhabi,53.5102,142.9671,56.39,82,100,12.26,RU,1627955149
448,san cristobal,7.7669,-72.225,75.38,96,100,4.68,VE,1627955150
449,lardos,36.0942,28.0157,89.42,43,0,8.75,GR,1627955152
451,kuna,43.4918,-116.4201,93.02,34,1,3,US,1627955154
452,sable-sur-sarthe,47.8376,-0.3329,61.05,96,100,4.41,FR,1627955156
453,olafsvik,64.8945,-23.7142,52.5,78,100,5.32,IS,1627955142
454,bilma,18.6853,12.9164,91.38,19,1,12.35,NE,1627955159
455,port hardy,50.6996,-127.4199,64.58,63,20,10.36,CA,1627955160
456,joshimath,30.5667,79.5667,75,75,24,1.66,IN,1627955162
457,vila,42.0304,-8.1588,56.34,88,100,3.83,PT,1627955163
458,polur,12.5,79.1333,82.65,55,98,7.29,IN,1627955165
460,udine,46.0619,13.2422,65.68,83,17,6.4,IT,1627955168
461,shinshiro,34.9,137.5,87.46,75,100,10.94,JP,1627954954
462,ola,59.5833,151.2833,57.6,45,6,13.56,RU,1627955170
463,poum,-20.2333,164.0167,69.82,63,0,7.4,NC,1627955172
464,chake chake,-5.2459,39.7666,71.53,84,83,7.02,TZ,1627955173
465,nardaran,40.5561,50.0056,69.44,94,0,4.61,AZ,1627955175
466,bilibino,68.0546,166.4372,38.57,64,100,12.57,RU,1627955176
467,moron,-34.6534,-58.6198,53.35,95,0,1.99,AR,1627955178
468,san miguel,13.4833,-88.1833,87.46,70,40,3.44,SV,1627955179
470,meadow lake,34.8014,-106.5436,82.47,45,37,3.47,US,1627955182
471,lander,42.833,-108.7307,85.06,30,20,4.61,US,1627955184
472,tirumullaivasal,11.2333,79.8333,83.21,63,98,10.11,IN,1627955185
473,diego de almagro,-26.3667,-70.05,57.76,47,0,2.28,CL,1627955187
474,fare,-16.7,-151.0167,78.93,74,55,13.58,PF,1627955188
475,winneba,5.3511,-0.6231,77.47,93,96,6.6,GH,1627955190
476,plyussa,58.4308,29.3654,55.56,97,81,9.84,RU,1627955191
477,aranos,-24.1333,19.1167,52.66,36,0,11.63,NA,1627955193
478,strezhevoy,60.7333,77.5889,58.98,94,100,2.46,RU,1627955195
479,batemans bay,-35.7167,150.1833,62.91,44,5,13.29,AU,1627955196
480,the valley,18.217,-63.0578,82.26,75,2,14.09,AI,1627955199
481,invermere,50.5167,-116.0354,73.99,71,100,1.52,CA,1627954940
482,amol,36.4696,52.3507,75.67,79,38,3.62,IR,1627955201
483,lasa,46.6166,10.7002,58.08,93,99,2.01,IT,1627955203
484,vila franca do campo,37.7167,-25.4333,66.61,83,0,4.99,PT,1627955204
485,el estor,15.5333,-89.35,75.94,93,76,1.72,GT,1627955206
487,cascais,38.6979,-9.4215,66.06,76,89,11.01,PT,1627955209
488,bolkhov,53.4433,36.0044,60.28,96,15,8.05,RU,1627955210
489,bajina basta,43.9708,19.5675,63.34,100,0,1.14,RS,1627955212
490,eyl,7.9803,49.8164,80.29,54,22,27.36,SO,1627955213
491,kyshtovka,56.555,76.6271,59.92,94,98,6.4,RU,1627955215
492,coquimbo,-29.9533,-71.3436,55.13,87,90,4.61,CL,1627955216
493,ampanihy,-24.7,44.75,64.63,64,67,6.69,MG,1627955218
494,salalah,17.0151,54.0924,77.09,100,90,8.05,OM,1627955126
495,lanzhou,36.0564,103.7922,63.68,89,100,8.9,CN,1627955221
496,konibodom,40.2843,70.4426,76.77,32,6,5.82,TJ,1627955222
497,lavrentiya,65.5833,-171,45.27,99,100,7.65,RU,1627955167
498,solnechnyy,50.7214,136.6319,65.28,76,98,7.45,RU,1627955225
499,taltal,-25.4,-70.4833,58.46,78,1,2.91,CL,1627955226
500,payo,-3.7508,103.6372,81.32,71,91,2.19,ID,1627955228
501,chuy,-33.6971,-53.4616,48.04,95,0,5.17,UY,1627955229
502,comodoro rivadavia,-45.8667,-67.5,53.46,28,0,17.27,AR,1627955165
504,sao miguel do araguaia,-13.275,-50.1628,72.97,34,17,6.89,BR,1627955233
505,takoradi,4.8845,-1.7554,75.54,90,96,4.85,GH,1627955235
506,mizdah,31.4451,12.9801,77.31,35,0,7.2,LY,1627955236
507,hualmay,-11.0964,-77.6139,64.09,82,14,11.63,PE,1627955238
508,arlit,18.7369,7.3853,89.06,37,99,11.54,NE,1627955239
509,nhulunbuy,-12.2333,136.7667,84.81,58,40,12.66,AU,1627955241
510,clyde river,70.4692,-68.5914,34.03,100,90,6.91,CA,1627955242
511,aykhal,66,111.5,73.67,40,86,18.07,RU,1627955244
513,sabang,5.8933,95.3214,83.12,75,100,20.38,ID,1627955247
514,lompoc,34.6391,-120.4579,83.79,70,1,12.66,US,1627955248
515,avera,33.194,-82.5271,83.71,50,100,3.31,US,1627955250
516,cotonou,6.3654,2.4183,78.78,89,40,13.8,BJ,1627955251
517,aitape,-3.1374,142.3475,87.48,63,56,8.39,PG,1627955253
518,mazagao,-0.115,-51.2894,80.65,81,64,2.44,BR,1627955254
519,moose factory,51.2585,-80.6094,53.6,82,90,10.36,CA,1627955256
520,jumla,29.2747,82.1838,64.49,94,99,0.83,NP,1627955257
521,santa rosa,14.3122,121.1114,88.09,71,100,18.57,PH,1627955259
522,guiratinga,-16.3494,-53.7583,68.67,37,23,2.77,BR,1627955260
523,constitucion,-35.3333,-72.4167,53.13,65,0,5.21,CL,1627955262
524,ponta delgada,37.7333,-25.6667,66.92,82,20,9.22,PT,1627955263
525,myitkyina,25.3833,97.4,81.86,81,56,1.48,MM,1627955265
527,rizhao,35.4275,119.4553,81.1,75,2,7.83,CN,1627955268
528,cururupu,-1.8283,-44.8683,71.91,82,5,1.81,BR,1627955269
529,bubaque,11.2833,-15.8333,78.93,82,43,14.14,GW,1627955271
530,epe,6.5841,3.9834,74.03,94,100,1.95,NG,1627955272
531,ila,63.4305,10.3705,50.95,83,61,1.16,NO,1627955274
532,belaya gora,68.5333,146.4167,58.75,34,15,8.97,RU,1627955275
533,sola,-13.8833,167.55,75.29,57,100,11.81,VU,1627955277
535,kahului,20.8947,-156.47,84.22,63,40,27.63,US,1627955280
536,boa vista,2.8197,-60.6733,76.98,88,0,4.61,BR,1627955281
537,pingzhuang,42.0372,119.2889,74.68,67,9,5.97,CN,1627955283
538,palafrugell,41.9174,3.1631,68.72,64,4,3.96,ES,1627955284
541,kloulklubed,7.0419,134.2556,84.7,78,100,13.82,PW,1627955288
542,varzea grande,-15.6467,-56.1325,76.87,41,0,5.75,BR,1627955290
543,taoudenni,22.6783,-3.9836,97.02,23,78,7.72,ML,1627955291
545,asosa,10.0667,34.5333,59.86,89,100,1.86,ET,1627955294
546,raton,36.9034,-104.4391,71.94,59,1,8.05,US,1627955296
547,umm kaddadah,13.6017,26.6876,79.36,65,78,13.4,SD,1627955239
548,saint-jean-de-maurienne,45.1667,6.5833,40.69,91,18,1.97,FR,1627955298
549,marawi,7.9986,124.2928,80.26,63,99,7.99,PH,1627955300
550,qaqortoq,60.7167,-46.0333,48.7,97,100,3.91,GL,1627955301
551,vostok,46.4856,135.8833,73.8,83,97,2.24,RU,1627955303
552,mbandaka,0.0487,18.2603,69.64,80,95,2.46,CD,1627955304
553,kidal,18.4411,1.4078,86.07,44,100,3.29,ML,1627955306
554,muroto,33.2833,134.15,86.04,71,76,3.85,JP,1627955308
555,abu samrah,35.3029,37.1841,77.9,46,0,6.91,SY,1627955309
558,martinsburg,39.4562,-77.9639,70.11,71,1,0,US,1627955313
559,labuan,5.2767,115.2417,82.76,78,20,8.99,MY,1627955315
560,karasjok,69.4719,25.5112,35.71,73,94,5.61,NO,1627955316
561,ardesen,41.1911,40.9875,75.16,82,61,2.59,TR,1627955318
562,nakamura,32.9833,132.9333,87.12,63,12,6.22,JP,1627955319
563,ust-kuyga,70.0167,135.6,70.18,31,57,4.94,RU,1627955321
564,santa cruz,-17.8,-63.1667,65.66,42,0,6.91,BO,1627955322
565,jacareacanga,-6.2222,-57.7528,80.24,49,55,2.46,BR,1627955324
566,alice springs,-23.7,133.8833,54.95,38,0,17.27,AU,1627955325
567,sorong,-0.8833,131.25,85.68,64,79,4.88,ID,1627955327
568,kodiak,57.79,-152.4072,56.62,80,5,6.51,US,1627955328
569,naryan-mar,67.6713,53.087,51.78,84,34,3.6,RU,1627955330
570,miyako,39.6367,141.9525,86.43,67,97,9.89,JP,1627955331
571,biograd na moru,43.9433,15.4519,72.75,51,52,4.25,HR,1627955333
573,kapoeta,4.7717,33.5903,70.95,63,54,1.01,SS,1627955336
575,ulladulla,-35.35,150.4667,63.88,50,6,14.83,AU,1627955095
576,sechura,-5.5569,-80.8222,65.91,78,12,11.03,PE,1627955340
577,nantucket,41.2835,-70.0995,69.96,87,1,4.61,US,1627955307
578,surt,31.2089,16.5887,82.22,73,0,7.65,LY,1627955342
579,newport,51.5877,-2.9984,55.63,90,3,4.9,GB,1627955175
580,chicama,-7.8447,-79.1469,63.14,79,3,7.29,PE,1627955345
581,nicoya,10.1483,-85.452,74.75,93,100,3.44,CR,1627955347
583,brae,60.3964,-1.353,49.91,72,100,1.3,GB,1627955350
584,udachnyy,66.4167,112.4,76.23,36,100,16.67,RU,1627955351
585,cuamba,-14.8031,36.5372,54.5,59,0,2.93,MZ,1627955353
586,kuala terengganu,5.3302,103.1408,80.55,89,20,3.44,MY,1627955354
587,aksay,47.26,39.87,66.42,36,5,2.48,RU,1627955356
588,abay,49.6311,72.8539,64.78,48,3,12.46,KZ,1627955357
589,berlevag,70.8578,29.0864,47.77,81,43,6.04,NO,1627955190
590,lakes entrance,-37.8811,147.981,57.18,68,88,12.73,AU,1627955360
591,rio grande,-32.035,-52.0986,49.95,96,0,7.18,BR,1627955284
592,fochville,-26.4886,27.4939,48.22,36,0,6.64,ZA,1627955363
593,balkhash,46.844,74.9804,79.41,34,0,15.66,KZ,1627955364
594,zhuanghe,39.7008,122.9911,79.9,72,1,5.79,CN,1627955366
597,gilbert,33.3528,-111.789,109.51,22,20,1.01,US,1627955107
598,hazorasp,41.3194,61.0742,73.24,20,0,9.28,UZ,1627955371
600,hauterive,46.0901,3.4459,58.78,88,77,4.81,FR,1627955374
601,victor harbor,-35.5667,138.6167,55.72,72,68,20.47,AU,1627955375
602,padang,-0.9492,100.3543,82.96,68,67,1.54,ID,1627955377
603,vicuna,-30.0319,-70.7081,47.93,23,0,1.48,CL,1627955141
604,vila do maio,15.1333,-23.2167,77.63,80,71,6.51,CV,1627955380
605,erzin,36.9559,36.2,84,81,3,1.28,TR,1627955381
606,tandil,-37.3217,-59.1332,47.3,71,0,1.99,AR,1627955383
607,buala,-8.145,159.5921,81.14,79,84,6.35,SB,1627955384
608,nanhai,30.1282,111.7784,86.86,74,3,11.12,CN,1627955386
609,alekseyevsk,57.8406,108.3492,61.48,77,100,1.59,RU,1627955387
610,faya,18.3851,42.4509,64.51,61,99,7.65,SA,1627955389
613,skjervoy,70.0311,20.9714,48.47,77,92,6.04,NO,1627955393
